{
  "watchlist": [
    {
      "vote_count": 6654,
      "id": 299536,
      "video": false,
      "vote_average": 8.3,
      "title": "Avengers: Infinity War",
      "popularity": 331.88,
      "poster_path": "https://image.tmdb.org/t/p/w500/7WsyChQLEftFiDOVTGkv3hFpyyt.jpg",
      "original_language": "en",
      "original_title": "Avengers: Infinity War",
      "genre_ids": [
        12,
        878,
        14,
        28
      ],
      "backdrop_path": "/bOGkgRGdhrBYJSLpXaxhXVstddV.jpg",
      "adult": false,
      "overview": "As the Avengers and their allies have continued to protect the world from threats too large for any one hero to handle, a new danger has emerged from the cosmic shadows: Thanos. A despot of intergalactic infamy, his goal is to collect all six Infinity Stones, artifacts of unimaginable power, and use them to inflict his twisted will on all of reality. Everything the Avengers have fought for has led up to this moment - the fate of Earth and existence itself has never been more uncertain.",
      "release_date": "2018-04-25"
    },
    {
      "vote_count": 3710,
      "id": 383498,
      "video": false,
      "vote_average": 7.6,
      "title": "Deadpool 2",
      "popularity": 268.461,
      "poster_path": "https://image.tmdb.org/t/p/w500/to0spRl1CMDvyUbOnbb4fTk3VAd.jpg",
      "original_language": "en",
      "original_title": "Deadpool 2",
      "genre_ids": [
        28,
        35,
        878
      ],
      "backdrop_path": "/3P52oz9HPQWxcwHOwxtyrVV1LKi.jpg",
      "adult": false,
      "overview": "Wisecracking mercenary Deadpool battles the evil and powerful Cable and other bad guys to save a boy's life.",
      "release_date": "2018-05-15"
    },
    {
      "vote_count": 1247,
      "id": 363088,
      "video": false,
      "vote_average": 7,
      "title": "Ant-Man and the Wasp",
      "popularity": 130.997,
      "poster_path": "https://image.tmdb.org/t/p/w500/rv1AWImgx386ULjcf62VYaW8zSt.jpg",
      "original_language": "en",
      "original_title": "Ant-Man and the Wasp",
      "genre_ids": [
        28,
        12,
        14,
        35,
        878
      ],
      "backdrop_path": "/6P3c80EOm7BodndGBUAJHHsHKrp.jpg",
      "adult": false,
      "overview": "As Scott Lang awaits expiration of his term of house detention, Hope van Dyne and Dr. Hank Pym involve him in a scheme to rescue Mrs. van Dyne from the micro-universe into which she has fallen, while two groups of schemers converge on them with intentions of stealing Dr. Pym's inventions.",
      "release_date": "2018-07-04"
    },
    {
      "vote_count": 8160,
      "id": 238,
      "video": false,
      "vote_average": 8.6,
      "title": "The Godfather",
      "popularity": 20.722,
      "poster_path": "https://image.tmdb.org/t/p/w500/rPdtLWNsZmAtoZl9PK7S2wE3qiS.jpg",
      "original_language": "en",
      "original_title": "The Godfather",
      "genre_ids": [
        18,
        80
      ],
      "backdrop_path": "/6xKCYgH16UuwEGAyroLU6p8HLIn.jpg",
      "adult": false,
      "overview": "Spanning the years 1945 to 1955, a chronicle of the fictional Italian-American Corleone crime family. When organized crime family patriarch, Vito Corleone barely survives an attempt on his life, his youngest son, Michael steps in to take care of the would-be killers, launching a campaign of bloody revenge.",
      "release_date": "1972-03-14"
    },
    {
      "vote_count": 1855,
      "id": 19404,
      "video": false,
      "vote_average": 9.3,
      "title": "Dilwale Dulhania Le Jayenge",
      "popularity": 12.649,
      "poster_path": "https://image.tmdb.org/t/p/w500/uC6TTUhPpQCmgldGyYveKRAu8JN.jpg",
      "original_language": "hi",
      "original_title": "दिलवाले दुल्हनिया ले जायेंगे",
      "genre_ids": [
        35,
        18,
        10749
      ],
      "backdrop_path": "/nl79FQ8xWZkhL3rDr1v2RFFR6J0.jpg",
      "adult": false,
      "overview": "Raj is a rich, carefree, happy-go-lucky second generation NRI. Simran is the daughter of Chaudhary Baldev Singh, who in spite of being an NRI is very strict about adherence to Indian values. Simran has left for India to be married to her childhood fiancé. Raj leaves for India with a mission at his hands, to claim his lady love under the noses of her whole family. Thus begins a saga.",
      "release_date": "1995-10-20"
    }
  ]
}